{
  "original_tokens": [
    1011,
    1008,
    1001,
    1009,
    1002,
    1002,
    1003,
    1006,
    1005,
    1001,
    1004,
    1007,
    1012,
    1000,
    1001,
    1002,
    1003,
    1006,
    1005,
    1001,
    1004,
    1007,
    1013
  ],
  "original_readable": "THEOREM \u2200 x \u2203 y y = 2 * x + 1 PROOF LET x y = 2 * x + 1 QED",
  "examples": [
    {
      "timestep": 100,
      "noised_tokens": [
        1011,
        1008,
        1001,
        1009,
        1002,
        1002,
        1003,
        1006,
        1005,
        1001,
        1004,
        1007,
        1012,
        1000,
        31517,
        1002,
        1003,
        10309,
        1005,
        25061,
        1004,
        1007,
        1013
      ],
      "alpha": 0.971575681807838,
      "readable": "THEOREM \u2200 x \u2203 y y = 2 * x + 1 PROOF LET UNK_31517 y = UNK_10309 * UNK_25061 + 1 QED"
    },
    {
      "timestep": 500,
      "noised_tokens": [
        1011,
        13702,
        7207,
        1009,
        14162,
        4238,
        16475,
        1006,
        1005,
        1001,
        1004,
        46760,
        1012,
        42874,
        1183,
        568,
        5915,
        48261,
        45833,
        1001,
        1004,
        1007,
        14304
      ],
      "alpha": 0.4922851724488026,
      "readable": "THEOREM UNK_13702 UNK_7207 \u2203 UNK_14162 UNK_4238 UNK_16475 2 * x + UNK_46760 PROOF UNK_42874 UNK_1183 UNK_568 UNK_5915 UNK_48261 UNK_45833 x + 1 UNK_14304"
    },
    {
      "timestep": 500,
      "noised_tokens": [
        1011,
        1008,
        29532,
        1009,
        1002,
        1002,
        1003,
        1006,
        1005,
        1001,
        1004,
        592,
        1012,
        28069,
        49183,
        1002,
        1003,
        36472,
        1005,
        1001,
        36733,
        1007,
        38344
      ],
      "alpha": 0.4922851724488026,
      "use_hyperschedule": true,
      "token_weights": [
        2.0,
        2.0,
        0.8,
        2.0,
        0.8,
        0.8,
        2.0,
        0.8,
        2.0,
        0.8,
        2.0,
        0.8,
        2.0,
        1.0,
        0.8,
        0.8,
        2.0,
        0.8,
        2.0,
        0.8,
        2.0,
        0.8,
        2.0
      ],
      "readable": "THEOREM \u2200 UNK_29532 \u2203 y y = 2 * x + UNK_592 PROOF UNK_28069 UNK_49183 y = UNK_36472 * x UNK_36733 1 UNK_38344"
    },
    {
      "timestep": 750,
      "noised_tokens": [
        37285,
        47074,
        40067,
        42897,
        31763,
        1002,
        3749,
        1006,
        20757,
        13799,
        14886,
        18184,
        7435,
        27235,
        35467,
        1354,
        1003,
        41464,
        35753,
        891,
        9988,
        20824,
        50020
      ],
      "alpha": 0.14317864642609793,
      "readable": "UNK_37285 UNK_47074 UNK_40067 UNK_42897 UNK_31763 y UNK_3749 2 UNK_20757 UNK_13799 UNK_14886 UNK_18184 UNK_7435 UNK_27235 UNK_35467 UNK_1354 = UNK_41464 UNK_35753 UNK_891 UNK_9988 UNK_20824 UNK_50020"
    }
  ]
}